Name,Surname,Age,Tc No,e-mail,Password,Phone Number,Gender,Date Of Birth,City,District,Neighborhood,Address,Region,Height,Weight
Nesim,DEMİRDAĞ,48,64956927378,nesimdemirdag75@gmail.com,MqB7MO}k,(539) 703-79-29,F,13/06/1975,Kırklareli,Lüleburgaz,Özerler,66. sok. No:12; Daire No:25,Marmara Bölgesi,165,76
İncilâ,YAĞCIZEYBEK,50,37248178796,incilâ.yagcizeybek@outlook.com,{i7T2n5x,(535) 901-30-86,F,26/02/1973,Kars,Sarıkamış,Akkoz,63. sok. No:5; Daire No:15,Doğu Anadolu Bölgesi,163,68
Zehra,GÜLCAN,40,39345185592,zehra.gulcan@gmail.com,iuk50*iR,(534) 905-00-04,M,08/10/1983,Şırnak,Uludere,Ödül,333. sok. No:41; Daire No:31,Doğu Anadolu Bölgesi,184,89
Sabiye,KAYABAŞ,34,12551368416,sabiye.kayabas@gmail.com,OJZ|beBY,(538) 988-83-21,F,22/04/1989,İzmir,Selçuk,Havutçulu,117. sok. No:3; Daire No:49,Ege Bölgesi,176,64
Hilâl,TOZLU,23,85898117276,hilâltozlu0@gmail.com,5K]$qmC@,(534) 842-23-07,M,02/05/2000,Adana,Pozantı,Belemedik,3. sok. No:58; Daire No:16,Akdeniz Gölgesi,167,62
Oymak,AL,18,41735200440,oymak.al@gmail.com,p29MU:+F,(558) 429-58-24,M,01/07/2005,Antalya,Demre,Çevreli,64. sok. No:54; Daire No:12,Akdeniz Gölgesi,181,65
Fezile,BAYANA,45,41919516534,fezilebayana78@gmail.com,U'{Hq]cw,(552) 321-32-97,M,02/11/1978,Ankara,Kızılcahamam,Eğerlialören,90. sok. No:18; Daire No:7,İç Anadolu Bölgesi,173,70
Korucu,KÜÇÜKGÖNCÜ,44,74334568246,korucukucukgoncu79@outlook.com,Kzo8<YQV,(540) 106-82-47,M,26/03/1979,Ankara,Evren,Modern,38. sok. No:13; Daire No:2,İç Anadolu Bölgesi,175,85
Erkuş,ALICI,41,43580150130,erkus.alici@gmail.com,ouOANN14,(556) 194-94-64,M,02/10/1982,Mersin,Tarsus,Sayköy,25. sok. No:7; Daire No:16,Akdeniz Gölgesi,166,72
Vacip,AKIN,24,49732693340,vacipakin99@outlook.com,WS!u_ex8,(555) 342-56-97,M,04/05/1999,Ankara,Etimesgut,Yukarıyurtçu,72. sok. No:36; Daire No:9,İç Anadolu Bölgesi,168,88
Tevil,KILIÇ YILDIRIM,40,14190598254,tevil.kilicyildirim@gmail.com,'m$9gO26,(535) 582-16-07,M,16/11/1983,Denizli,Buldan,Aktaş,58. sok. No:39; Daire No:88,Ege Bölgesi,175,64
Aynilhayat,TUNÇ,50,44994203320,aynilhayat.tunc@gmail.com,oaCyHk7},(540) 188-55-56,F,25/10/1973,İstanbul,Esenyurt,İstiklal,89. sok. No:10; Daire No:32,Marmara Bölgesi,161,56
Reftar,KARAALP,32,32715262794,reftarkaraalp91@gmail.com,L-4nv+:R,(548) 548-65-54,F,08/06/1991,İzmir,Bayraklı,Cengizhan,25. sok. No:2; Daire No:30,Ege Bölgesi,171,77
Fekrullah,KÖSEOĞLU,26,49635325300,fekrullah.koseoglu@outlook.com,<LCT8Fa@,(552) 458-85-09,M,31/05/1997,Siirt,Tillo,İkizbağlar,39. sok. No:7; Daire No:3,Güneydoğu Anadolu Bölgesi,171,83
Taze,ERGÜN,43,86029572414,taze.ergun@gmail.com,F&''}F88,(548) 954-95-15,F,27/07/1980,İstanbul,Sultanbeyli,Turgut reis,95. sok. No:2; Daire No:12,Marmara Bölgesi,179,66
Başak,ADISANLI,62,47128152808,basakadisanli61@outlook.com,^f%2)v%A,(534) 612-45-66,F,12/06/1961,Kırşehir,Kaman,Cumhuriyet (ömerhacılı),332. sok. No:11; Daire No:46,İç Anadolu Bölgesi,168,68
Umurbey,ŞEN TANRIKULU,36,29906162612,umurbeysentanrikulu87@gmail.com,h0-V/sYT,(544) 057-55-77,M,07/01/1987,Kayseri,Felahiye,Cumhuriyet,67. sok. No:7; Daire No:1,İç Anadolu Bölgesi,176,79
Gülsuna,ALMACIOĞLU,50,50284323524,gulsunaalmacioglu73@gmail.com,U*D]{Fn#,(550) 689-03-07,F,06/07/1973,Kırklareli,Pınarhisar,Beylik,48. sok. No:27; Daire No:31,Marmara Bölgesi,162,77
Dirik,UZUNCAN,39,74102397238,dirikuzuncan84@yahoo.com,6R<'kI4%,(542) 039-20-84,M,26/12/1984,Şanlıurfa,Viranşehir,Cumhuriyet,21. sok. No:12; Daire No:49,Güneydoğu Anadolu Bölgesi,176,81
Ayyüz,SİĞA,32,37146395288,ayyuz.siga@gmail.com,=pte0qM),(554) 011-30-42,F,29/05/1991,Rize,Derepazarı,Uzunkaya,99. sok. No:95; Daire No:64,Karadeniz Bölgesi,163,66
Dilhun,AKBULUT,22,92109045730,dilhunakbulut1@gmail.com,_XQv}1jk,(536) 783-75-45,F,15/02/2001,İstanbul,Sultangazi,Cumhuriyet,35. sok. No:6; Daire No:93,Marmara Bölgesi,175,67
Çalapverdi,BAYRAKTAR,24,68071509174,calapverdi.bayraktar@gmail.com,CG|}5pHC,(552) 581-87-35,M,06/11/1999,Kırşehir,Boztepe,Hatunoğlu yayla (hatunoğlu),58. sok. No:88; Daire No:12,İç Anadolu Bölgesi,171,91
Feray,SANDAL,37,27493643682,feray.sandal@gmail.com,!|NBkVWH,(552) 726-74-86,F,28/11/1986,Mersin,Toroslar,Turunçlu,33. sok. No:11; Daire No:38,Akdeniz Gölgesi,169,68
Birtekin,ADANIR,26,47666245550,birtekin.adanir@gmail.com,M%&v<W8=,(558) 008-10-81,M,28/05/1997,Muş,Bulanık,Söğütlü,58. sok. No:5; Daire No:21,Doğu Anadolu Bölgesi,171,70
Halit,BIÇAKÇI,24,51496780808,halit.bicakci@icloud.com,_[fSP_][,(543) 726-33-78,M,05/02/1999,Manisa,Salihli,İğdecik,22. sok. No:2; Daire No:135,Ege Bölgesi,179,88
Badel,GENCAN,21,84179031058,badel.gencan@outlook.com,p5@xD'>r,(531) 279-81-68,F,28/04/2002,Niğde,Bor,Kale,98. sok. No:20; Daire No:341,İç Anadolu Bölgesi,168,74
Şeşen,DURMAZ,58,24473262932,sesen.durmaz@gmail.com,zu|VTdUd,(556) 550-31-19,M,09/06/1965,Bolu,Kıbrıscık,Solaca hatbol tarlası yaylası (çökeler),350. sok. No:22; Daire No:43,Karadeniz Bölgesi,180,78
Müzeyme,BÜLBÜL,19,95982731318,muzeyme.bulbul@yahoo.com,e13v(5j!,(543) 698-08-65,F,16/12/2004,Sakarya,Söğütlü,Küçük söğütlü,96. sok. No:38; Daire No:26,Marmara Bölgesi,164,67
Bozkır,ÇOPUR,36,65459957954,bozkir.copur@gmail.com,cCV1!7av,(550) 915-21-58,M,10/09/1987,Antalya,Akseki,Çukurköy,56. sok. No:2; Daire No:22,Akdeniz Gölgesi,182,85
Narcan,KÖYCÜ,24,52860678912,narcankoycu99@gmail.com,S>WO)QNe,(541) 925-97-65,F,17/11/1999,Ankara,Etimesgut,Atayurt,228. sok. No:35; Daire No:4,İç Anadolu Bölgesi,164,70
Alipek,DAM,24,94938310164,alipek.dam@outlook.com,#_z6zNhV,(554) 330-63-43,F,13/10/1999,Karabük,Ovacık,Çolakoğlu (ahmetler),181. sok. No:5; Daire No:3,Karadeniz Bölgesi,158,69
Hoşnut,YILDIZOĞLU,48,44636364310,hosnut.yildizoglu@gmail.com,m|P)c2oU,(533) 362-00-64,F,22/10/1975,Ankara,Beypazarı,İncepelit,90. sok. No:1; Daire No:23,İç Anadolu Bölgesi,159,80
Aleksey,AHÇI,45,19228736660,aleksey.ahci@gmail.com,IYIjQAkZ,(555) 260-63-64,M,20/07/1978,Konya,Hadim,Aşağıeşenler,342. sok. No:26; Daire No:97,İç Anadolu Bölgesi,174,63
Çelikel,ÇELİKTEN,24,44312057680,celikelcelikten99@gmail.com,qe+z|]On,(542) 853-08-14,M,19/05/1999,Kocaeli,Körfez,17 ağustos,175. sok. No:97; Daire No:25,Marmara Bölgesi,167,78
Okuşlu,BÖRTA,42,96111663418,okuslu.borta@gmail.com,y|SQw_|O,(547) 517-09-59,M,23/02/1981,Samsun,Salıpazarı,Esatçiftliği,99. sok. No:47; Daire No:11,Karadeniz Bölgesi,175,80
Amiran,CEYLAN,61,84488950286,amiran.ceylan@gmail.com,j10^o]q#,(546) 239-51-90,F,13/09/1962,Malatya,Kuluncak,Yeni,299. sok. No:69; Daire No:8,Doğu Anadolu Bölgesi,151,59
Ayülker,ÖZALP,43,17615452810,ayulkerozalp80@outlook.com,XSNLkg'/,(546) 382-68-03,F,12/08/1980,Ağrı,Doğubayazıt,Arpalı (ayrancı),53. sok. No:36; Daire No:11,Doğu Anadolu Bölgesi,163,70
Özlen,ÇİÇEK,22,90603365002,ozlen.cicek@yahoo.com,y1>5/hMN,(534) 090-58-82,M,13/10/2001,Ankara,Çubuk,Saraycık,16. sok. No:20; Daire No:26,İç Anadolu Bölgesi,170,76
Hecide,NACAROĞLU,43,22310785378,hecidenacaroglu80@gmail.com,qv>RMI{3,(530) 805-28-04,F,12/08/1980,Isparta,Sütçüler,Belen,3. sok. No:57; Daire No:10,Akdeniz Gölgesi,169,70
Mirrih,YILMAZ ÇİFTDOĞAN,33,29829145112,mirrihyilmazciftdogan90@outlook.com,&5(sSD8=,(543) 297-58-86,F,25/07/1990,Kocaeli,Kandıra,Bağırganlı,4. sok. No:8; Daire No:26,Marmara Bölgesi,172,69
Sahibe,YETER,50,62296005190,sahibeyeter73@gmail.com,|SPTXl9y,(544) 145-77-82,F,01/11/1973,İstanbul,Kadıköy,Caddebostan,32. sok. No:42; Daire No:24,Marmara Bölgesi,166,71
Edep,SAVRAN,37,83160529666,edep.savran@yahoo.com,|+b]MNl&,(546) 348-92-04,M,24/12/1986,İzmir,Foça,Yeniköy,5. sok. No:7; Daire No:21,Ege Bölgesi,173,87
Almula,BABA,50,54202627862,almula.baba@gmail.com,w/acZQ%p,(543) 087-71-08,F,26/01/1973,Şanlıurfa,Halfeti,Rüştiye,47. sok. No:46; Daire No:42,Güneydoğu Anadolu Bölgesi,159,64
Barışcan,ÇETEMEN,26,23288386482,bariscan.cetemen@gmail.com,KcB2k%M<,(557) 377-18-23,M,22/03/1997,Gaziantep,Nurdağı,Hisar,63. sok. No:5; Daire No:28,Güneydoğu Anadolu Bölgesi,172,91
Mübarek,ALAN,37,35013517320,mubarekalan86@gmail.com,6j5H#caw,(544) 610-00-69,M,18/10/1986,Samsun,Kavak,Alagömlek,92. sok. No:3; Daire No:330,Karadeniz Bölgesi,181,72
Nurer,GÜLEŞEN,24,82376534402,nurergulesen99@outlook.com,h*1r+:Mm,(532) 876-72-81,M,10/10/1999,Ankara,Altındağ,Karapürçek,2. sok. No:6; Daire No:38,İç Anadolu Bölgesi,165,82
Bekdemir,YEŞİL,35,65249241980,bekdemir.yesil@gmail.com,QX3HHqmq,(559) 654-17-05,M,06/11/1988,Eskişehir,Mahmudiye,Topkaya,235. sok. No:27; Daire No:20,İç Anadolu Bölgesi,162,77
Kök,ÖZTÜRK,42,81429437660,kok.ozturk@gmail.com,?QbS2b9o,(554) 829-85-88,M,13/06/1981,Kayseri,Yeşilhisar,Kayadibi,138. sok. No:54; Daire No:20,İç Anadolu Bölgesi,175,59
Übük,ŞENGÜL,37,21171109620,ubuksengul86@outlook.com,!P9qU^fC,(536) 813-50-83,F,15/11/1986,Ankara,Haymana,Karasüleymanlı,57. sok. No:10; Daire No:29,İç Anadolu Bölgesi,152,73
Arıkboğa,BACAKSIZ,28,50303083316,arikboga.bacaksiz@gmail.com,zwK14T3Z,(544) 051-21-34,M,15/01/1995,Mardin,Yeşilli,Alıçlı,67. sok. No:5; Daire No:14,Güneydoğu Anadolu Bölgesi,179,80
Kıvılcım,BÜBER,40,24815913430,kivilcimbuber83@gmail.com,'lGs{>7+,(551) 057-38-26,F,22/09/1983,İzmir,Konak,Yenişehir,158. sok. No:4; Daire No:202,Ege Bölgesi,162,63
Marek,KADAK,23,37234737556,marek.kadak@outlook.com,S]Qw3^a%,(549) 099-52-48,M,05/03/2000,Şanlıurfa,Halfeti,Gülaçan,30. sok. No:45; Daire No:74,Güneydoğu Anadolu Bölgesi,172,79
Çanga,GÖRMÜŞ,56,13580506312,canga.gormus@outlook.com,hB%:NH)a,(557) 594-10-31,M,17/04/1967,İzmir,Güzelbahçe,Maltepe,149. sok. No:9; Daire No:38,Ege Bölgesi,188,98
Eray,GÖRMÜŞ,57,28745392594,eray.gormus@icloud.com,@i&2yT:l,(539) 384-29-65,F,04/03/1966,Kayseri,Develi,Tombak,91. sok. No:15; Daire No:9,İç Anadolu Bölgesi,173,80
Lâleruh,YARAR,19,43605419372,lâleruhyarar4@gmail.com,!1k||LPW,(530) 748-82-08,F,10/01/2004,Mersin,Tarsus,Ballıca,100. sok. No:17; Daire No:45,Akdeniz Gölgesi,160,72
Eroğuz,SAÇLI,20,88813495848,eroguzsacli3@outlook.com,pW7LXa]X,(556) 829-51-54,M,04/04/2003,Muğla,Ortaca,Sarıgerme,380. sok. No:28; Daire No:4,Ege Bölgesi,172,77
Aşa,RENÇBER,18,86072235328,asa.rencber@outlook.com,&vpo!$$4,(539) 351-94-14,F,05/07/2005,İzmir,Karşıyaka,Mustafa kemal,321. sok. No:32; Daire No:43,Ege Bölgesi,180,67
Öztan,TOKATLIOĞLU,36,46620472438,oztan.tokatlioglu@outlook.com,Mt[#!|vm,(534) 180-64-68,M,09/05/1987,Manisa,Köprübaşı,Gölbaşı,46. sok. No:80; Daire No:22,Ege Bölgesi,174,71
Onursü,ZENGİN,50,43377853190,onursu.zengin@gmail.com,Qc]KeI9-,(542) 956-95-93,M,05/09/1973,Bursa,Kestel,Barakfakih,33. sok. No:16; Daire No:48,Marmara Bölgesi,166,82
Baylan,CANATAN,50,98449578846,baylancanatan73@gmail.com,@tU#}G[0,(544) 963-81-34,M,10/10/1973,Zonguldak,Devrek,Kargaoğlu (yeniköy),53. sok. No:3; Daire No:32,Karadeniz Bölgesi,178,70
Mirze,GENÇER,29,53367981710,mirze.gencer@gmail.com,$Q#CH+?F,(553) 691-68-81,M,09/12/1994,İzmir,Balçova,Teleferik,253. sok. No:24; Daire No:25,Ege Bölgesi,174,96
Bahaittin,PAKSOY,47,59131302880,bahaittin.paksoy@gmail.com,$+{h@d9E,(537) 637-87-38,M,04/01/1976,Kastamonu,Araç,Yukarı (eskiiğdir),8. sok. No:49; Daire No:30,Karadeniz Bölgesi,173,73
Mehir,SENEMTAŞI,21,10660692224,mehirsenemtasi2@outlook.com,|N5}=_b5,(552) 160-72-47,F,25/06/2002,Kırşehir,Çiçekdağı,Cenderözü (hacıhasanlı),18. sok. No:12; Daire No:47,İç Anadolu Bölgesi,174,67
Çekin,ELLİALTI,54,19687904396,cekinellialti69@outlook.com,TVvZYN>|,(557) 781-52-83,M,24/12/1969,İstanbul,Başakşehir,Şamlar,308. sok. No:22; Daire No:6,Marmara Bölgesi,185,84
Çağlar,SEÇİR,26,46133937646,caglar.secir@gmail.com,f@U:Ib%*,(535) 674-85-78,F,21/01/1997,Iğdır,Tuzluca,Küçükova,85. sok. No:46; Daire No:32,Doğu Anadolu Bölgesi,165,65
Aybilge,SÜL,26,94453103616,aybilgesul97@gmail.com,eDCM:S5B,(548) 262-32-75,F,24/02/1997,Ankara,Polatlı,Gülpınar,262. sok. No:85; Daire No:216,İç Anadolu Bölgesi,158,66
Teksen,İŞTAR,28,38938105108,teksen.istar@gmail.com,T/?HicX=,(531) 319-65-47,M,07/06/1995,Kocaeli,Darıca,Sırasöğütler,146. sok. No:9; Daire No:1,Marmara Bölgesi,166,89
Sezin,ÖZER,21,57048212964,sezin.ozer@yandex.com,V()4Yi7L,(545) 816-80-20,F,17/03/2002,Bilecik,Bozüyük,Yeni,74. sok. No:19; Daire No:38,Marmara Bölgesi,157,63
İhtişam,YANARDAĞ,28,28184195312,ihtisam.yanardag@gmail.com,gmmjq+fQ,(549) 613-21-55,M,12/03/1995,Elazığ,Keban,Orta mezra (sağdıçlar),46. sok. No:11; Daire No:28,Doğu Anadolu Bölgesi,179,95
Asena,TOY,47,85732347920,asena.toy@outlook.com,}...b!K<,(550) 657-47-71,F,14/10/1976,İstanbul,Çatalca,Bahşayiş,48. sok. No:99; Daire No:21,Marmara Bölgesi,159,64
Olcaytürk,UYANIK,60,26361110516,olcayturk.uyanik@gmail.com,FBg.M[5>,(532) 285-56-81,M,05/08/1963,Şanlıurfa,Bozova,Hacılar,80. sok. No:42; Daire No:154,Güneydoğu Anadolu Bölgesi,168,74
Gülsen,PAKÖZ,41,80905391892,gulsen.pakoz@gmail.com,jPKG_#{#,(550) 292-29-40,F,03/08/1982,Bursa,İnegöl,Dömez,54. sok. No:90; Daire No:22,Marmara Bölgesi,168,68
Nofe,DAYLAK,32,72705193868,nofedaylak91@outlook.com,T_<irC}a,(548) 537-47-49,F,12/02/1991,Mersin,Toroslar,Çopurlu,69. sok. No:50; Daire No:8,Akdeniz Gölgesi,172,72
Alsevin,KÜÇÜKGÖNCÜ,26,92176761694,alsevinkucukgoncu97@gmail.com,X.$F2__},(541) 686-27-80,F,15/09/1997,Konya,Hadim,Bademli,330. sok. No:26; Daire No:13,İç Anadolu Bölgesi,157,72
Ilgım,KURTULUŞ,37,62234223532,ilgim.kurtulus@gmail.com.tr,l1ww4_qb,(557) 989-88-19,F,20/07/1986,Hatay,Dörtyol,Sanayi,91. sok. No:6; Daire No:28,Akdeniz Gölgesi,169,62
Hansultan,ARAZ SERVER,24,82085051504,hansultan.arazserver@gmail.com.tr,.%+WWp{=,(543) 316-89-06,F,10/02/1999,İstanbul,Esenyurt,Güzelyurt,83. sok. No:23; Daire No:3,Marmara Bölgesi,161,66
Çağlı,ÖĞÜT AYDIN,41,40405436264,cagli.ogutaydin@gmail.com,'jnk8Ajp,(547) 655-54-76,M,27/02/1982,İstanbul,Sultanbeyli,Abdurrahmangazi,193. sok. No:20; Daire No:97,Marmara Bölgesi,178,71
Pelir,ATBAŞ,27,47406551552,pelir.atbas@gmail.com,53-y51wb,(552) 189-11-83,M,08/07/1996,Diyarbakır,Çüngüş,Oyuklu,107. sok. No:17; Daire No:36,Güneydoğu Anadolu Bölgesi,185,66
Ferahfeza,EMLEK,45,13351290464,ferahfezaemlek78@gmail.com,Mr<]a<CS,(544) 044-45-86,F,31/10/1978,Bingöl,Kiğı,Melekan (alagöz),6. sok. No:2; Daire No:306,Doğu Anadolu Bölgesi,156,68
Hazin,HAMDEMİRCİ,47,71761153618,hazin.hamdemirci@gmail.com.tr,1Wg]LdJ^,(544) 743-50-68,F,06/11/1976,Van,İpekyolu,Erçek,256. sok. No:34; Daire No:339,Doğu Anadolu Bölgesi,165,68
Kökel,PİŞİRGEN,31,65980043690,kokelpisirgen92@gmail.com,}Fv8o&p.,(553) 758-47-24,M,19/12/1992,İstanbul,Bayrampaşa,Vatan,262. sok. No:1; Daire No:41,Marmara Bölgesi,177,82
Erdeşir,DERE,20,40568100262,erdesirdere3@gmail.com,wi.]&e6C,(553) 588-63-17,M,11/05/2003,İstanbul,Kağıthane,Merkez,162. sok. No:38; Daire No:12,Marmara Bölgesi,200,58
Aygöl,ZUBAROĞLU,31,63027005014,aygolzubaroglu92@gmail.com,9=HZ$BWw,(535) 270-21-93,F,05/01/1992,Balıkesir,Havran,Küçükşapçı,149. sok. No:40; Daire No:26,Marmara Bölgesi,162,60
Satıhanım,GÜMÜŞAY,57,99840243470,satihanim.gumusay@gmail.com,/Q&LEAk(,(541) 309-65-88,F,19/10/1966,Sakarya,Kocaali,Görele,7. sok. No:27; Daire No:31,Marmara Bölgesi,160,61
Sevinay,TOKTAŞ,40,40253076568,sevinay.toktas@gmail.com,Dq=f#@+0,(547) 871-26-90,F,25/05/1983,Konya,Selçuklu,Aydınlıkevler,90. sok. No:29; Daire No:19,İç Anadolu Bölgesi,172,58
Ergüven,HIDIROĞLU,32,15278358852,erguvenhidiroglu91@gmail.com,j{:-<Hu9,(532) 551-55-19,M,03/03/1991,Malatya,Kuluncak,Sofular,25. sok. No:12; Daire No:27,Doğu Anadolu Bölgesi,167,75
Güçhan,YILDIZ BULUT,50,75578961176,guchanyildizbulut73@gmail.com,gcga!&oY,(532) 212-43-54,M,22/01/1973,İzmir,Bornova,Beşyol,67. sok. No:33; Daire No:13,Ege Bölgesi,180,99
Rahşende,GAYRETLİ AYDIN,21,80281322398,rahsendegayretliaydin2@outlook.com,*=?!@8Ls,(556) 436-17-96,F,06/02/2002,Bursa,Keles,Kıran ışıklar,59. sok. No:36; Daire No:50,Marmara Bölgesi,167,81
Esalettin,KARAOĞLU,53,75237677172,esalettin.karaoglu@yandex.com,j(Z1WI?<,(555) 977-69-51,M,11/12/1970,İstanbul,Güngören,Abdurrahman nafiz gürman,14. sok. No:50; Daire No:12,Marmara Bölgesi,178,72
Hemta,KABİL KUCUR,20,75157301188,hemta.kabilkucur@outlook.com.tr,d]=k2MR_,(539) 065-43-37,F,11/05/2003,Bursa,İznik,Elbeyli,250. sok. No:1; Daire No:49,Marmara Bölgesi,162,78
Hürol,YANARDAĞ,32,28413646622,hurol.yanardag@gmail.com,&fmBWPX3,(546) 028-51-94,M,25/06/1991,Kırklareli,Demirköy,Beğendik,101. sok. No:21; Daire No:248,Marmara Bölgesi,177,70
Bozay,BEDER,25,72679107762,bozay.beder@gmail.com,GHdEpu[x,(537) 669-40-92,M,14/11/1998,İstanbul,Sarıyer,Çayırbaşı,11. sok. No:3; Daire No:44,Marmara Bölgesi,186,84
Hefin,ONUK,63,56522759360,hefin.onuk@gmail.com,$=/]5(y^,(545) 575-98-70,F,20/02/1960,Adana,Feke,Göbelli,70. sok. No:22; Daire No:57,Akdeniz Gölgesi,162,64
Çinar,DEMİRDAĞ,29,68076050046,cinar.demirdag@gmail.com,eiIXkO:|,(558) 465-94-60,F,09/12/1994,İstanbul,Maltepe,Zümrütevler,71. sok. No:11; Daire No:24,Marmara Bölgesi,165,59
Fermani,GÜÇLÜ,48,59168295230,fermani.guclu@icloud.com,+!}a=(w8,(532) 323-40-84,M,24/03/1975,İstanbul,Zeytinburnu,Beştelsiz,75. sok. No:17; Daire No:20,Marmara Bölgesi,176,78
Peren,KIZILTOPRAK,44,80563467076,peren.kiziltoprak@gmail.com,{EQtMkhk,(550) 654-72-41,F,26/06/1979,Antalya,Serik,Kuşlar,45. sok. No:14; Daire No:23,Akdeniz Gölgesi,160,70
Erkal,GÜLEŞEN,18,82939807264,erkal.gulesen@yandex.com,r$jHTR9s,(532) 318-36-66,M,05/05/2005,Elazığ,Palu,Andılar,75. sok. No:43; Daire No:7,Doğu Anadolu Bölgesi,186,72
Evirgen,SÖKER,20,73609818192,evirgensoker3@gmail.com,9#@3?M-x,(558) 368-37-33,M,31/05/2003,İzmir,Buca,Yeşilbağlar,178. sok. No:38; Daire No:49,Ege Bölgesi,181,80
Nursin,ÖZDİL,26,16745106662,nursinozdil97@gmail.com,aDtx}P=T,(552) 809-05-69,M,08/03/1997,İstanbul,Başakşehir,Şahintepe,94. sok. No:35; Daire No:50,Marmara Bölgesi,182,86
Seyithan,DUYAN,40,11944536890,seyithan.duyan@gmail.com,=*/oGtZ%,(559) 667-47-43,M,06/10/1983,Aydın,Kuşadası,İkiçeşmelik,64. sok. No:88; Daire No:100,Ege Bölgesi,177,65
